inf_at,inf_lt,inf_ni,inf_revt,inf_cost,inf_emp,gvkey,fyear
291018155.9296248,174795396.983159,32401585.70441171,170981595.33007643,164855831.25427425,,000551.SZ,1996.0
246850371.05737484,137515443.5107111,2200700.901041347,87620152.52290638,87249064.34334002,,000551.SZ,1997.0
215646395.39469585,112198452.75985631,-37271.463249708526,66580599.61138261,69802114.38814391,,000551.SZ,1998.0
169619727.1042307,71719313.96475169,10177732.639193216,13323500.417599607,12893152.922033872,,000551.SZ,1999.0
253201116.96022105,138179162.986813,9833803.994066589,71820227.56920646,65436391.12324401,,000551.SZ,2000.0
220785682.68780372,102867641.81329052,12632752.703804964,132549671.98414288,126921355.9538398,3826.967199473818,000551.SZ,2001.0
216992050.2578901,95203007.7150987,10181773.825919926,171558612.26757935,165746700.09490716,2974.065112978496,000551.SZ,2002.0
289260611.6796813,150702723.98571852,10952504.438484857,181356248.08670276,174667307.36276773,4620.705171166082,000551.SZ,2003.0
333199369.59157014,183390664.178706,13996749.04738294,301803246.629863,287357092.945745,5367.621543699281,000551.SZ,2004.0
312456927.9479896,158045167.212654,15902874.538818965,288702785.1303292,275059310.0246708,5804.009894640584,000551.SZ,2005.0
350076267.2513028,176613742.80055583,33258024.31290771,289099213.33696127,276064922.4064738,5497.8156362958125,000551.SZ,2006.0
370858943.1970386,193953136.14495143,20274476.31169685,322298316.3567482,301812342.46254045,4642.77182516184,000551.SZ,2007.0
350809253.5827627,178405807.41499838,15687702.01945171,310930050.29774004,295911344.31185865,5400.573072284908,000551.SZ,2008.0
358096858.2701476,184339349.70957825,21428586.201669514,301845604.7647656,287100839.8543389,4325.573785262515,000551.SZ,2009.0
525235036.0242638,244442412.2724311,20042748.60084619,396808936.6947467,377735191.2417937,6508.9309907363,000551.SZ,2010.0
539374591.5063139,258298084.14935404,14444333.168602664,423969018.1934244,415994549.5965684,5623.793822171741,000551.SZ,2011.0
522819626.826656,255450716.5644308,6360481.89772013,326039415.9045044,325289407.3622056,5201.71298465186,000551.SZ,2012.0
539804978.624128,268733967.2117145,14674356.760289889,352157679.4978295,343712197.2955774,4982.085287941688,000551.SZ,2013.0
504310516.50374687,233518260.65972987,12071243.17933537,349311833.7390264,340494140.7540811,4292.77312998263,000551.SZ,2014.0
499872639.8122101,240985858.19388655,9362447.20830154,323907621.2373224,319012343.9974178,4175.4799028851885,000551.SZ,2015.0
595916224.1273159,290060168.3406261,15922326.95364237,339051002.37805176,325309230.19940865,3937.089975883073,000551.SZ,2016.0
614273242.0515358,305103522.15616065,19661693.394930493,377304939.5778754,360528155.7018207,3585.459561096001,000551.SZ,2017.0
627866675.5891182,318959057.7510419,22366280.1943376,427733463.7347783,407079208.37558377,3431.2889940000005,000551.SZ,2018.0
651306140.816074,315020406.3283783,27587927.562967222,454534181.1634232,430328729.4817007,2712.4440000000004,000551.SZ,2019.0
682302228.3374195,320467527.58003527,27776114.484206364,438460673.3894236,415703860.7793562,2658.0,000551.SZ,2020.0
147299091.63414273,89386149.84290108,10216422.07328461,53067596.97996879,45166329.315222,,000636.SZ,1996.0
118393299.96390694,49889869.72686175,15158529.625726122,123498503.46767733,106103481.39796086,,000636.SZ,1997.0
176510252.8783766,57778297.786348194,25838900.783220243,151841427.5270307,125523937.6650664,,000636.SZ,1998.0
200525159.18852112,50151548.65557471,48328433.00994618,184475403.05786023,135355142.43408632,,000636.SZ,1999.0
529494510.5822328,75226176.53842233,79116468.66842397,289622781.2004011,209033341.75219887,,000636.SZ,2000.0
604892223.7485334,135116677.12465668,7315518.594736462,202924190.30688676,193691093.224672,7758.909699296253,000636.SZ,2001.0
653305750.3099058,187551642.5386677,3822674.593324812,212980712.13454333,206099788.55911785,8026.909758533714,000636.SZ,2002.0
694312843.0964775,225994326.8395136,5840095.703718128,222671924.35253948,213465353.2293687,9858.019493935932,000636.SZ,2003.0
728798278.0307457,284630302.9108644,5022495.839374253,265788633.97267097,259034859.82820487,10298.50346819572,000636.SZ,2004.0
673350546.6309355,246705997.8411209,3031716.67562608,281847758.00284106,278671089.59642833,11114.186584773892,000636.SZ,2005.0
663565885.1848501,252129186.2752927,17209782.489526123,364618911.89879024,360092939.84708107,11378.226110726708,000636.SZ,2006.0
710245357.5437033,268288789.19536677,34192982.8792063,375257542.78506047,369675365.45070606,11734.947168377812,000636.SZ,2007.0
536501253.8200936,200995594.2656833,-80161454.18035026,356801461.4206206,416341787.4804441,10156.443402841913,000636.SZ,2008.0
470332806.985542,143776224.07022914,9742722.125410626,291769759.4439703,285209257.6745878,11028.611088054502,000636.SZ,2009.0
580477639.2850413,155962944.16607785,39139485.46789487,358205748.82564324,322932802.7413782,11147.657538566214,000636.SZ,2010.0
564235376.5536948,172308599.61827734,28141268.69066213,354937642.4020841,338635269.88995004,9751.990842490655,000636.SZ,2011.0
530367193.450829,174799806.4571319,11367722.718744615,337185558.44428134,337407263.67950547,8133.307380970012,000636.SZ,2012.0
609950174.7102253,245305454.91920057,14005937.94905429,351679448.5632017,349249537.96055347,7185.4333037359365,000636.SZ,2013.0
781070442.4345974,202244563.2984712,14614727.910675738,345413206.54062605,340995863.16225386,6002.224759393342,000636.SZ,2014.0
992484819.467689,271768684.73691696,9758927.892689228,292189107.9632954,293908766.47768754,7756.986197163229,000636.SZ,2015.0
993679861.8654302,315434696.3587186,21721789.120767105,412174260.067306,415263412.8556064,7770.744236138687,000636.SZ,2016.0
921793031.9735212,254582414.27227303,38165775.23574372,488680498.96612567,461073866.0232112,7148.503328568002,000636.SZ,2017.0
1009701565.5170436,217225098.51147503,147487101.85910136,656596779.1639055,497832684.382763,7067.446743,000636.SZ,2018.0
983059826.819324,191329440.00071144,48893397.13626598,462384430.114775,425971524.8376656,6355.104000000001,000636.SZ,2019.0
1197883494.473518,370674455.1030415,50826298.60028672,591098063.6849687,519884307.6819003,7407.0,000636.SZ,2020.0
,,,,,,002377.SZ,1996.0
,,,,,,002377.SZ,1997.0
,,,,,,002377.SZ,1998.0
,,,,,,002377.SZ,1999.0
,,,,,,002377.SZ,2000.0
,,,,,,002377.SZ,2001.0
,,,,,,002377.SZ,2002.0
,,,,,,002377.SZ,2003.0
,,,,,,002377.SZ,2004.0
,,,,,,002377.SZ,2005.0
92136974.61291376,56411874.13793447,3729100.711213591,73997134.23743373,69734437.96088706,,002377.SZ,2006.0
90860330.83414005,66750582.19346055,5461049.44499074,91593852.25244837,85575033.96632245,,002377.SZ,2007.0
85697472.16312918,57145220.65411932,5546766.164850044,112598099.88069835,106146851.07059394,,002377.SZ,2008.0
100671056.16602796,71237314.13465804,5969843.937745097,107355951.05809145,100855891.6562644,178.14955737821916,002377.SZ,2009.0
225846354.36744267,106607427.76037198,6802742.702787416,138247742.0956404,131693222.95071486,178.11470884822714,002377.SZ,2010.0
222414845.48452917,100654910.33202858,6578891.882684372,156385914.94443026,148216618.19822448,172.42469394794497,002377.SZ,2011.0
252157047.0781473,133048479.9473563,3586807.024054201,203994452.3031179,199813593.0850973,324.810701411716,002377.SZ,2012.0
266028634.8147821,147250239.72992498,2820889.3778630365,184727754.9701593,181890807.05243,345.46463383454653,002377.SZ,2013.0
356125623.49048483,219042866.0611268,7129964.111546818,299264690.53614146,290782640.0918309,338.9624113653651,002377.SZ,2014.0
274826078.9788335,138019200.03241813,5993157.859402015,219316263.58830085,211819234.60880315,306.9231657858494,002377.SZ,2015.0
223633491.93177652,90562214.50914772,1498582.9253140185,97728584.50630485,96061545.4568775,248.24571750590172,002377.SZ,2016.0
962756181.5943964,246211021.07793832,6876439.983576196,349919330.6718125,342217759.7022914,7786.819737480002,002377.SZ,2017.0
967644325.5048229,217474348.96963128,44748840.48448629,630906806.5829883,583361427.3828617,6231.161979,002377.SZ,2018.0
933865767.526356,177205491.15321645,42274468.53199976,695932860.6223569,654179441.8120692,6454.917000000001,002377.SZ,2019.0
466734201.8048469,157494433.84446642,-407465010.3293952,600145998.4155371,1010097592.1004972,6815.0,002377.SZ,2020.0
262573542.7362137,27316478.841821827,23725316.22001744,171101013.43757698,143358349.55546805,1911.6650850750416,002572.SZ,2011.0
284446585.4738279,38896354.79809772,28483023.08972697,197614484.41718552,163688432.5054051,2148.0182151752897,002572.SZ,2012.0
328833417.0065048,46288558.27155708,39915182.49560131,281172723.12440985,233989245.7667761,3239.741917297888,002572.SZ,2013.0
389262147.7262265,69452977.12445715,50778993.35364038,362802013.6031608,302251033.5966158,6036.008388433079,002572.SZ,2014.0
475185575.82810247,110165957.7483841,68075534.33483322,481425699.0748487,391630820.1705334,7745.945795516256,002572.SZ,2015.0
793071203.1265914,200013947.91779783,94708637.66874018,672999640.2648001,551961391.2428725,9427.893280191243,002572.SZ,2016.0
1028275272.9250212,312443567.9408615,131747939.78438015,897409106.5700642,731179637.9033177,12326.551655712005,002572.SZ,2017.0
1119888396.3855891,351735170.6437655,138230044.79279384,1048056338.7612994,879127147.1925447,12547.423287,002572.SZ,2018.0
1191213879.548099,361509862.2806968,153720489.59140238,1079178359.115348,909625148.001726,12143.229,002572.SZ,2019.0
1482939949.5988462,579324119.9193896,167015522.01651916,1139742902.4122765,957986005.0782793,13166.0,002572.SZ,2020.0
358710460.6931894,18506924.904157806,36395525.277323976,98680440.5397455,57764681.11837258,942.0885451938442,002623.SZ,2011.0
355292521.7030744,28420014.88931525,11862907.598689616,98489260.83329467,84597471.1905092,1510.251217512869,002623.SZ,2012.0
361384164.3579571,34347270.04264998,9711173.690620853,110672013.66813448,99616510.84357604,1508.9525477856782,002623.SZ,2013.0
399365659.7711856,75798325.8219516,5811990.594467375,132579540.76397447,126981913.12544128,1359.228008365434,002623.SZ,2014.0
402061594.827838,77114904.61953647,8218158.998738924,164525824.36603802,153510126.7800865,1291.7269926958409,002623.SZ,2015.0
635924522.2872101,314118824.29389817,2548925.5471779555,207375564.98257264,207329121.34994328,1671.3034051384177,002623.SZ,2016.0
690101164.0714244,379174469.3083758,-2776730.4823289644,234849252.790793,239194177.04776943,1485.8468916480003,002623.SZ,2017.0
606299735.4045485,287667074.27794164,11817520.91942405,219384134.17304423,235570898.4527616,827.8798920000002,002623.SZ,2018.0
520854579.5202903,225062630.15856203,-13183649.46023506,166293431.36215523,184257899.74701065,842.7510000000001,002623.SZ,2019.0
553146225.1588721,231459831.2925039,19154910.675505582,245999780.2904108,234629409.43645328,804.0,002623.SZ,2020.0
399420780.3102334,197151558.9949957,20028366.351682704,244599454.65379715,225265554.523377,2606.783694906436,002689.SZ,2012.0
410980669.80028754,204391844.3423705,24588279.711037327,260516645.7802888,236227423.3177234,2568.454451552498,002689.SZ,2013.0
427457371.0215133,214830816.78843257,29025074.087864246,300862912.8939678,267851516.21002656,2691.429113499078,002689.SZ,2014.0
389652569.3967872,184823855.80275893,17647304.901016448,240035058.94955796,221926214.6221229,2405.7035188754166,002689.SZ,2015.0
371265379.8613277,159013250.5570998,10326486.504757589,184180222.068945,174834863.80121168,2120.9765688662133,002689.SZ,2016.0
366880503.452387,153407243.0297529,5243030.387449905,171766167.89165094,168111821.9674834,1821.0163772640003,002689.SZ,2017.0
340523589.8577071,144643863.4254699,1202000.1723626582,177016860.28809267,177995818.42442432,1828.05966,002689.SZ,2018.0
297529122.3627932,115735381.63947555,-15278354.286299575,113694307.9961444,131093234.82400423,1834.7070000000003,002689.SZ,2019.0
289194455.3934698,108478148.67501052,925961.568508769,124880828.51987752,128637917.96640708,1522.0,002689.SZ,2020.0
111764207.74463277,45373418.91118709,6232086.780039464,84668127.5250901,78568828.68445642,1081.1754275585984,002803.SZ,2016.0
167253538.61898062,91824234.30992408,11952655.37796685,164964159.06638116,152337402.94260478,1903.2076205520004,002803.SZ,2017.0
227706485.7260501,124887197.60007246,32735511.762712263,325280064.9230358,290727343.4000252,2549.8280430000004,002803.SZ,2018.0
342488509.8637035,138753458.4846739,48623067.03691862,422519900.87022805,371316098.6846304,2951.1720000000005,002803.SZ,2019.0
383525357.8819131,142068012.84518102,78708059.30352835,601773060.8094102,522021232.2155348,3429.0,002803.SZ,2020.0
146699099.2871801,48144290.70495034,15519404.655004088,97954160.11093912,83205902.53855366,,200581.SZ,1996.0
152477367.01717517,50511951.17241198,15956729.21056192,108795342.25150488,88647563.27406095,,200581.SZ,1997.0
321386026.0595698,89104431.85158561,16846801.55188566,117529150.02636412,99021508.6579086,,200581.SZ,1998.0
354415647.31068856,102819297.7044264,22218153.28653676,161091245.31716105,141830183.2265156,,200581.SZ,1999.0
421444299.0408044,69629742.61146565,28277359.21101741,180019878.56719497,156654694.27909607,,200581.SZ,2000.0
457156534.1140659,92648134.36630888,32478751.22225021,207109664.04641545,183574555.42651916,4188.20573302641,200581.SZ,2001.0
524381059.6016687,134636600.61486304,43349689.35288256,289226397.58682,261981700.6471676,5799.426970308067,200581.SZ,2002.0
608722433.6739825,161663798.18731552,51963844.21588457,317933231.70325667,292784801.4018367,5336.219048841633,200581.SZ,2003.0
873522962.9258633,384994397.7292563,50193417.63056282,435515337.9741876,399959974.0217064,3872.628231812625,200581.SZ,2004.0
896965369.0619168,390190150.5425081,44853238.95650135,559714142.9817297,515065645.0493411,4065.305487104547,200581.SZ,2005.0
958171652.179028,480877369.02174354,25048423.84318318,525981694.59123045,493866486.9848681,3443.3535432157337,200581.SZ,2006.0
994484262.1211612,484828077.63575166,51633459.00352978,605816727.8617514,576745047.154965,3358.3285169139413,200581.SZ,2007.0
851527496.9023114,346507685.7365457,38300517.803721935,561762721.0170757,583956996.1895311,7912.877861628805,200581.SZ,2008.0
880679173.1984521,339902253.4348768,81092522.5502775,538741821.2371544,522569490.8964985,6670.996015493746,200581.SZ,2009.0
190056851.98533905,76725526.51009093,24407799.94582341,165869760.16200906,139068995.77587518,1460.5788954846462,300389.SZ,2014.0
198421458.7920531,68439627.43559813,19200335.70372323,152685672.2002566,132143822.38156456,1318.2239566485762,300389.SZ,2015.0
244778544.93509048,98765199.09466542,22796298.36354175,173227970.33414724,147973111.708899,1372.9730253286934,300389.SZ,2016.0
262048487.0540537,109449632.81515177,15193396.289326062,225375515.89865583,211249404.433604,1610.7348846960003,300389.SZ,2017.0
303254046.3064825,120946116.02759014,33718345.90678784,284808805.299227,247330175.56415305,2022.422325,300389.SZ,2018.0
314497201.9754569,135281709.4137977,14553592.505822578,306166699.4394489,291439894.8392335,2294.6700000000005,300389.SZ,2019.0
289406129.5800755,127059749.96617617,-9784137.48055808,224066338.3007268,242393633.445368,2071.0,300389.SZ,2020.0
,,,,,,600004.SH,1996.0
,,,,,,600004.SH,1997.0
,,,,,,600004.SH,1998.0
,,,,,,600004.SH,1999.0
249008113.5130323,43339274.62164851,42705561.97922888,165014291.31833026,98442557.77020574,,600004.SH,2000.0
303776249.2804924,65811170.612602256,63399395.38889655,176601576.50582632,112017391.97870807,,600004.SH,2001.0
348932795.7323148,79229570.07326007,62040950.63814358,196557934.94177783,121595383.10107328,,600004.SH,2002.0
910226995.2448832,89888110.7625897,65822347.69313727,223910164.28463116,127641356.5756211,6507.621898254305,600004.SH,2003.0
1634626672.1854632,772904484.9556965,64779567.52221925,327958059.2692839,228060744.92514148,3356.4814091183557,600004.SH,2004.0
1573527901.4182372,740640477.4967515,52454448.53845216,431035306.2381736,350884485.52779096,3309.85826354282,600004.SH,2005.0
1480727411.1889718,619202203.1054032,60402986.08878874,474730270.4647625,381688771.27008766,3137.2776727076684,600004.SH,2006.0
1768386176.9155142,655075132.9161559,76148261.37497881,520825474.0813808,405440988.58410096,3085.224291904421,600004.SH,2007.0
1670695366.8151586,553174949.1349136,95813628.32044668,564802218.4204803,433661598.3731288,4726.010414098028,600004.SH,2008.0
1964152794.9610825,847471467.5303957,99055302.09826836,578172835.434491,446492735.1680587,4552.42609933406,600004.SH,2009.0
1988416239.4186823,797681807.3550467,109647880.3848296,680764973.8773079,534338896.049172,5183.3961647426095,600004.SH,2010.0
1813899801.4076877,605374908.6274412,124516159.55089796,722758070.7248305,560766993.1753771,5160.246275398643,600004.SH,2011.0
1640872596.0956523,432140738.8685588,127965083.19180824,755923749.8132217,571185596.6610858,5051.162039107014,600004.SH,2012.0
1568618231.9699152,303224928.91955626,149857256.6156841,810549639.8495215,603495229.1019344,5198.145109102425,600004.SH,2013.0
1701604737.670405,340709796.0211383,177761207.5601836,849377903.0448401,608708014.5816125,13824.261003060536,600004.SH,2014.0
1856676651.9031608,384467058.8257825,195021389.59278625,846591432.506851,586065067.7793857,13578.589985612092,600004.SH,2015.0
2636079040.427633,1020499357.9772708,206795498.7935928,916160741.570708,638403626.336695,14423.293946494214,600004.SH,2016.0
3279951749.7588973,1080680568.0421877,233219854.3431472,984814142.261842,681096577.4532392,14591.614230480003,600004.SH,2017.0
3879910088.716405,1623163850.568365,166568862.38296494,1110548665.5656023,904064418.584284,13637.955429,600004.SH,2018.0
3511163308.7349386,1198869677.1334107,148355766.34343615,1104994336.317214,936927758.6541646,13261.752000000002,600004.SH,2019.0
3588397723.49665,932623477.7956696,-31646815.954103854,712901203.9373834,783495617.907891,11360.0,600004.SH,2020.0
33327589.03778128,2585656.642087327,15189609.020105802,20987693.42909208,6902214.718184402,,600088.SH,1996.0
138862919.3113835,19470214.411252946,15055927.549935076,22082246.540640056,10479346.176331844,,600088.SH,1997.0
134725205.09716034,5065166.803607243,13519274.772025328,35102901.82876828,21194751.120042942,,600088.SH,1998.0
170103081.0123774,22366660.181382217,10759083.67355984,38021311.42976532,26838278.037325244,,600088.SH,1999.0
170729303.42667887,19698729.59616672,5047666.141471582,43287532.58275026,38676983.82742634,,600088.SH,2000.0
204129994.81925076,48601859.88871016,5871613.4520205725,75842359.53985356,67013677.82150636,960.2152473064602,600088.SH,2001.0
190385835.87720132,33739632.49026234,291794.5471570992,65343324.54713471,64230154.51760331,820.1674409502554,600088.SH,2002.0
199398822.0034109,41605790.78606009,1055331.099905461,65513862.233747,67976350.04517046,795.8739676088737,600088.SH,2003.0
200104051.06975985,40728010.94521996,3273249.7563525965,74925152.29471971,75182323.48095362,731.4625090844823,600088.SH,2004.0
205185174.36027616,50842159.79881552,4815341.104514688,83746022.33631234,79689380.70465267,765.7354153222954,600088.SH,2005.0
244779689.9188352,85478719.63694921,10217775.159066096,128886954.3816052,116506465.25142466,755.0833975269721,600088.SH,2006.0
286239192.2006982,123906985.63165724,12252122.463268949,154484201.27542877,139777549.23453075,772.3728863550488,600088.SH,2007.0
332116346.4589141,171367050.42527157,11069768.616550256,183640552.07900423,171063914.55657974,851.0076190808337,600088.SH,2008.0
252116743.70512328,82421153.72273293,22057410.94707159,236568164.71934864,209129059.28067452,810.0037428995288,600088.SH,2009.0
302907527.9494385,121410018.06231096,14774823.312489923,206370048.57336053,187643236.39407235,829.9112883290583,600088.SH,2010.0
395467766.1915663,213583276.9328748,12905841.057983575,219841500.92489764,203044757.26335052,914.6005505064908,600088.SH,2011.0
300779831.4754508,124969714.70165092,7854524.810421972,190875908.89309448,181492660.9444621,1555.297957124713,600088.SH,2012.0
242209818.2863017,61514693.67218851,11482487.814636951,195542462.3627015,181226108.4703482,1711.1475675885065,600088.SH,2013.0
231753343.24648303,50158520.745653376,8636128.236106053,116172128.81736945,106249295.09439158,1188.0576212307649,600088.SH,2014.0
221586155.27191672,41641612.63830143,4306920.269251066,77364391.01728825,72605222.6557341,984.8038269099916,600088.SH,2015.0
202112257.344149,45008001.90123431,-19174131.978422437,76484668.33865273,102659186.48342232,925.4774556141074,600088.SH,2016.0
205321498.0946124,41968359.88259838,12781033.72096341,104585110.58168344,89026498.98726282,932.9239822560004,600088.SH,2017.0
227113220.73869523,52298433.20272528,17819169.11495965,116245371.6106845,93874619.62329756,947.649318,600088.SH,2018.0
229193354.0013745,49352100.30333258,13398192.305064969,120163246.99730034,104213179.5144078,1134.987,600088.SH,2019.0
214591775.4414372,59480308.54814712,-15577075.791151226,106204524.6960098,129439020.7700496,1336.0,600088.SH,2020.0
55796147.69172789,36621200.93490025,1995542.402462336,16322914.765701368,14389337.300813232,,600145.SH,1996.0
64389803.96636423,42992585.30536384,4200421.70942524,24812502.75317205,20590452.30561984,,600145.SH,1997.0
69706178.94263588,43679355.51495095,3512725.065134399,26314559.23369047,22966874.156839523,,600145.SH,1998.0
105260568.06929211,40845478.95028789,4736604.04085656,35179461.80242655,31310845.90195453,,600145.SH,1999.0
127063244.6920295,55424019.38030982,7912231.108516864,41958668.335624486,36049844.25663314,,600145.SH,2000.0
151543852.04274377,61167781.12722721,16822855.2112502,65273765.870586246,46315994.43644069,2158.1686748141983,600145.SH,2001.0
155260916.60747367,57181119.67518106,8304919.724918466,61480622.65672007,51910523.82514262,2373.119997366346,600145.SH,2002.0
180989795.88325885,74789355.92777503,6535060.096371999,69396268.68701626,61554780.94078207,2518.979742140707,600145.SH,2003.0
193200624.32209352,84194092.40286529,3798055.689627464,76635755.82982375,70395164.31426995,2834.2263400016686,600145.SH,2004.0
195075564.05747715,88560561.00990047,1926235.434150572,73859751.3245542,70870930.48733146,2774.8722919932698,600145.SH,2005.0
185802342.28169465,78599407.16941653,2411620.6385413124,75169749.206937,73328366.6516615,2718.588981918334,600145.SH,2006.0
195791121.8254304,88731047.61649418,1314171.579925579,60546217.56618262,60348420.365640536,3908.804220448755,600145.SH,2007.0
132287237.893427,82660647.92086068,-50233566.61133213,41655076.84867259,94509477.75901029,1949.0381834132013,600145.SH,2008.0
94010133.4791929,70841164.14089009,-23692777.566858985,25642426.15744549,50270319.50023558,1723.821256645358,600145.SH,2009.0
78638175.8702933,38619616.79729181,10254751.450691096,42260069.95127797,42000621.5135654,1048.0372723533364,600145.SH,2010.0
62712526.72535501,28112016.60363539,-4139624.5084851487,27813528.59279992,31763294.746932745,27.487994687353545,600145.SH,2011.0
39167681.52381716,7206645.172180041,267253.36265993776,4842158.004166941,7580691.676714089,637.7669976624204,600145.SH,2012.0
25105447.268955823,8459374.502504105,-14505034.788750157,5699205.145248684,20719021.493387777,611.2066598611208,600145.SH,2013.0
4896453.082400206,226017129.8149436,-236576623.8868068,6492759.705095173,16438945.909940835,578.8261775475005,600145.SH,2014.0
133322097.09369978,42211139.97144405,8900479.496416682,587941.1677263242,22245045.9715961,12.1444418116703,600145.SH,2015.0
133025632.62903512,41582440.82506859,-472734.02407516,1886453.94877031,2359110.779327435,11.976767072653155,600145.SH,2016.0
125498664.68541808,34360198.81259752,1490738.7477156282,49746813.33515282,52087962.84425939,14.943862416000004,600145.SH,2017.0
153341628.49280652,59821870.40990695,-3533188.5512848943,1918864.3521719032,6742071.850849092,14.708526000000004,600145.SH,2018.0
155922123.05253837,61349004.50183524,2030828.5829773888,1457733.6841881014,10862450.377753004,94.668,600145.SH,2019.0
144146282.94962636,70436066.74207562,-18197576.35873021,471942.0599907109,11378237.631160252,92.0,600145.SH,2020.0
,,,,,,600276.SH,1996.0
61438359.7400068,41121664.561405465,8746138.645517342,64554534.67279633,57837108.43106106,,600276.SH,1997.0
75611868.01049308,46335535.87376242,9027227.393012015,75253568.41680741,65242210.23761352,,600276.SH,1998.0
96695471.66030128,62802063.0603765,10770343.808320684,86315502.7135748,73378128.79636313,,600276.SH,1999.0
208584637.24621123,66344988.721344605,13860381.1404513,102509595.90906791,87657871.65425347,,600276.SH,2000.0
235716943.72650036,76050094.11507685,17147331.746353723,133605640.94352216,115759356.51896285,2562.632332039749,600276.SH,2001.0
251974155.1485076,82543177.394255,16582222.629444577,158146031.00400952,136370494.8786831,2555.549764605749,600276.SH,2002.0
305903038.6440147,115415843.07692385,19443022.795879968,221485448.11796305,193297824.6283454,2576.1590369009564,600276.SH,2003.0
261580540.11035985,53618977.253219485,25278183.57553023,238610552.9874084,202341227.41209,3332.048423428686,600276.SH,2004.0
257744689.2261779,35517434.449325874,32101947.4074088,236495862.436103,193461460.2957454,3324.555680343632,600276.SH,2005.0
289283356.8917906,39611566.06350355,40428912.349404775,283011980.8335018,229506752.05230644,3704.673036432525,600276.SH,2006.0
390834260.44631207,73852295.41451946,81232158.57877469,380347947.4754264,309156202.1670801,4275.788022805297,600276.SH,2007.0
417506340.9754613,42579914.46446402,80671691.08742313,443100344.24291456,330297307.03909034,4550.922722134028,600276.SH,2008.0
524445969.447255,58384494.16526395,121245160.86472352,529708258.1721513,407849479.4321261,4949.738061832248,600276.SH,2009.0
686075834.6073717,74109090.59364593,133042794.1942152,659389454.908591,510706002.6209983,5897.14568643152,600276.SH,2010.0
821414554.6043965,74924487.1346121,160327705.55962798,775786643.6223723,599974375.6546463,6399.704944937494,600276.SH,2011.0
953132258.490524,72790671.32118876,186243763.75642648,879139604.8269981,668859881.1196626,9800.036746608232,600276.SH,2012.0
1138305294.1069152,88979424.79986632,203697526.73022985,977940707.8974124,749204504.7231847,9982.65697769392,600276.SH,2013.0
1396278516.6653464,122463658.75428411,241694813.1307498,1145106216.5294015,872784372.015931,9876.080889283228,600276.SH,2014.0
1731933525.0783105,171576164.2027152,335032462.07741785,1403413429.1049993,1017549652.0538812,11251.273318430183,600276.SH,2015.0
2128962533.476256,216262906.97366747,391352342.302378,1648152568.430516,1201029800.1153903,13776.548524570942,600276.SH,2016.0
2627421071.831506,305305373.12087566,479615852.0141023,2015147667.127351,1489058620.5849276,15866.112210816003,600276.SH,2017.0
3205604430.174765,367490459.251937,582192955.4084532,2496951274.507081,1897215164.2703216,22079.598744000003,600276.SH,2018.0
3869119795.495604,367718398.5539543,747870677.2400522,3269877266.200662,2481924081.633455,25139.499000000003,600276.SH,2019.0
4738848089.139447,537965623.7231047,860847658.1591338,3784382441.577955,2905839258.7150445,28903.0,600276.SH,2020.0
,,,,,,600293.SH,1996.0
145606171.26485428,94842982.93527618,6952760.85852804,43409308.876287706,38272162.83012322,,600293.SH,1997.0
146742772.2204738,95843535.9410768,9261591.972007489,50608624.11861643,42464307.33921342,,600293.SH,1998.0
145112316.4221252,90479019.55552602,9875790.48850993,68208888.71743579,58229604.4747816,,600293.SH,1999.0
274326167.1442625,112502282.02414335,10271603.358167242,85084494.794015,70432575.5058108,,600293.SH,2000.0
230535416.12558216,78637885.18035339,6799451.261079652,54804421.04683648,48381444.91497389,2292.475309083752,600293.SH,2001.0
238769334.852531,82745109.95229919,1036730.0988578916,74752558.77145094,73584704.55850327,2403.780462448599,600293.SH,2002.0
273469127.70960206,119364241.28367434,1694868.197411944,80103295.9527517,78103613.3119099,2361.350334963804,600293.SH,2003.0
323954887.9087921,168003740.881397,3673591.270549447,86928299.23225899,82124844.71075611,2281.430038772895,600293.SH,2004.0
328449541.70431167,169933370.3679414,-104386.73499799691,93569466.24915151,96073034.97503673,2216.370453562421,600293.SH,2005.0
386888258.8966976,237307288.85994625,954231.4050947052,114510871.64997058,113763774.92053027,2174.293683892199,600293.SH,2006.0
383044281.0300925,234708691.1749066,1363261.9789421386,148649047.64602444,147419319.12202317,2169.187203851656,600293.SH,2007.0
375196058.1864954,248402271.37601763,-13616643.578308225,137439988.35413432,143911848.97639462,2033.1888570703168,600293.SH,2008.0
383803947.220194,260275805.5515109,3782893.125784588,126726209.15580323,123028903.53263684,1955.8001766846216,600293.SH,2009.0
396172373.8446226,262156917.8279297,8483824.062851103,163709257.694607,155215199.0126339,2305.16572465894,600293.SH,2010.0
428944309.7439526,306632659.0151958,-7776244.547170955,185643881.92422947,197632659.35095167,2566.3791403556447,600293.SH,2011.0
492605830.2188192,376381875.9194891,185014.32839624787,166582210.44984958,169709890.423,2421.854974394656,600293.SH,2012.0
455388065.1019677,338289174.64503294,4861564.978958574,177630678.51619408,180669316.7402664,2398.6106349181227,600293.SH,2013.0
394545842.7059896,278674748.9205146,1727471.52200282,200187454.59767056,198595583.32535055,2393.007056981398,600293.SH,2014.0
392300485.1210938,289138116.44591093,-10003989.634073896,151753494.29351625,169718592.00445125,2305.2358638879623,600293.SH,2015.0
931076153.3409108,423149355.4602111,26943473.85648855,498377343.4841846,465590303.5452148,2142.75250899831,600293.SH,2016.0
1043082161.4118476,490369617.6058656,59479711.83009211,1755143950.340969,1684599647.3137355,3332.4813187680006,600293.SH,2017.0
1003758010.7912326,437717206.12032944,34318083.615511134,1350722119.754166,1312062238.613308,3090.8916780000004,600293.SH,2018.0
964445050.9829854,399596471.9395322,1435661.2406977138,446710743.55612886,444188900.2372411,2471.6580000000004,600293.SH,2019.0
640081260.7293246,365732432.0135541,-282434678.7678227,351724615.18809533,627293734.4908012,2360.0,600293.SH,2020.0
26018823.941232417,5204453.968551967,887003.954050883,9125797.107099224,7910713.136140184,,600883.SH,1996.0
25365796.54625727,4143196.388611868,1937602.3466979796,10430779.019069033,8144262.3120197,,600883.SH,1997.0
29886862.35006763,5991962.221210418,2995225.085751566,12548922.231047168,9119064.39812288,,600883.SH,1998.0
38619794.91086654,10093648.33232774,4270533.062842263,15185247.269028248,10558576.969005454,,600883.SH,1999.0
42545359.55125474,12854779.264961222,2190821.4050195366,13048607.325586071,10396660.263493951,,600883.SH,2000.0
67788499.94334687,13695969.04449946,2066093.9634800928,14994587.354905644,12566216.59874593,872.2212455436496,600883.SH,2001.0
98242332.47181135,39226278.142067306,1365992.2056996322,14792326.667232396,13583804.938357688,832.4316269831563,600883.SH,2002.0
117379446.37963444,58753216.45229327,401615.62477039313,27490759.13619577,28893509.687669303,831.4178535409205,600883.SH,2003.0
115534281.99927428,56890041.80272272,595488.4258896817,28787228.741986293,31745487.267874464,792.5449733086563,600883.SH,2004.0
101556814.23929738,43649280.62330251,1219049.9017934625,26523695.791869536,28500394.19684925,780.4328321231071,600883.SH,2005.0
94954479.46057951,32265672.357510693,5739188.310562965,37754032.74965632,35678877.43818252,791.1772501812252,600883.SH,2006.0
87832453.34376565,27914078.043672763,3690665.436474086,15208127.469772302,17109294.268907532,409.65633751428,600883.SH,2007.0
110123956.57088085,20658202.59445843,404974.20394889126,10483734.418613048,13892254.27941548,347.4608460680916,600883.SH,2008.0
90239398.7454651,3169570.030202551,4103409.40260178,15746118.93805531,18552320.46423645,176.86790588628952,600883.SH,2009.0
102663731.38232474,3260319.047253029,14025832.473168217,8374149.6210069535,9361857.362680657,179.40539514422878,600883.SH,2010.0
124733120.32253848,6669668.899160044,28189388.418991864,16785132.589627884,17682857.033979874,162.42905951618002,600883.SH,2011.0
119795822.25824116,8861301.662265133,1552980.4367748073,12301723.115071677,13209512.530109828,132.76933780332917,600883.SH,2012.0
116264668.84691565,8317143.776191439,1043431.7693236428,5504684.120958325,7060456.100329242,129.40481267381008,600883.SH,2013.0
105354092.9393218,10399646.738792349,-7345928.734246525,2280953.746915268,4362516.041199801,102.4770080872034,600883.SH,2014.0
113002051.27573071,12738434.112798,10977261.788835837,1889792.3356904385,4100175.264819181,105.9878558109408,600883.SH,2015.0
105181478.07849768,8696370.078161476,1930029.7053008855,1957938.440184238,3996419.982617019,101.2581216142494,600883.SH,2016.0
103016374.67322372,6778545.112671494,3834051.181665857,3970719.5809726473,6284455.108888986,115.28122435200002,600883.SH,2017.0
98690806.35267024,4732046.215634853,1541165.8621401817,4316977.109523355,5834293.915256338,102.95968200000002,600883.SH,2018.0
97793623.91916044,4991193.382909094,1003582.7775805516,4454629.780698327,6361611.2945218,93.639,600883.SH,2019.0
98907258.22372004,4790009.843633695,3220027.3224774045,2938389.5953124217,4916919.104853855,90.0,600883.SH,2020.0
554133168.1972636,290946405.00944257,24274638.297846388,800333447.7802511,769017634.9368646,3021.6878755418397,603123.SH,2012.0
518448001.83373016,250321994.02922055,21339892.197602272,738744138.966779,711642470.8407904,2950.8918890081336,603123.SH,2013.0
719417763.3549021,289692953.4433608,25731058.942792423,943703851.5823758,919385271.0924122,3977.459258945081,603123.SH,2014.0
738155622.291985,301953855.89480984,25217218.651797067,867878693.8434635,840316272.351719,3574.882053289857,603123.SH,2015.0
763213725.3013119,325347763.433,16744072.562236754,799227174.0165845,785692137.5262674,3300.1437270192464,603123.SH,2016.0
743935176.6871707,302837108.3373437,21118535.141522817,739870411.637479,720430833.1478441,2883.0980275440006,603123.SH,2017.0
799083337.7643975,349786610.6431744,25141297.993601914,717823565.198408,695053174.8626074,2597.1054480000003,603123.SH,2018.0
758169487.7756333,302216797.04535496,24739579.90628353,693084039.6202549,672275319.2695751,2406.831,603123.SH,2019.0
958813630.9397632,468715585.92348135,27489387.74445738,558478885.5197471,547907658.3753892,2806.0,603123.SH,2020.0
424891120.8615748,205346448.4501979,18717752.54829712,129416572.26228704,118507903.30008304,3250.294244868851,603227.SH,2015.0
412317339.37094593,208847509.6488496,-1085601.3075789637,137893079.62500316,142719406.15582675,3190.1752293521586,603227.SH,2016.0
384867768.38674295,180876803.69700477,9175476.848264012,185475538.8366516,175981839.5952607,3709.2801354000007,603227.SH,2017.0
436681100.9699786,219158529.3685289,14240964.066757929,291625678.3965669,273959050.613194,3060.4240170000003,603227.SH,2018.0
483673364.1338283,264094472.92684343,17698791.41148884,299725953.170197,278090030.6304488,2745.3720000000003,603227.SH,2019.0
509507946.6461059,282985274.6273737,19069574.258486785,276800617.31447405,252313919.56682408,2788.0,603227.SH,2020.0
67195770.1998719,15401562.2845656,7711115.328813869,35194459.07086868,29776324.475799013,612.7422914070015,603601.SH,2015.0
201007858.5450732,36059926.19128526,11913995.56653378,47532704.07966561,36933650.81197095,918.9446735744784,603601.SH,2016.0
301774009.8774783,126050072.60537574,17091211.974808663,93178237.05819264,80028286.47694544,1242.4754180160005,603601.SH,2017.0
327567651.0339241,134625898.56428793,22745227.89821195,155128075.64007702,135533393.10619953,1283.8441980000002,603601.SH,2018.0
343752722.75257,138032473.0044195,23718825.062159736,175816639.38863483,151989559.27426958,1460.1510000000003,603601.SH,2019.0
374198643.0583664,115195700.8073459,53835917.57616045,257102764.89130804,196947671.87455004,1485.0,603601.SH,2020.0
561714256.8051369,166036025.388473,39544056.598105706,1404359337.1377409,1361436829.0103157,3966.1980492651687,603609.SH,2014.0
619510708.967933,179022296.50743994,48809290.25088183,1460711156.355482,1406291484.624724,4293.6122005078,603609.SH,2015.0
768009007.8361418,274596939.6208309,68754917.75451137,1763566824.569575,1702642091.8072286,4688.359910440408,603609.SH,2016.0
871835715.85339,326195498.25807345,72817993.94660953,1994787967.865327,1942703139.647133,5101.1941775760015,603609.SH,2017.0
993552929.8955926,382000246.7877936,86685493.7974614,2257962961.723539,2201189697.8136425,5055.530508000001,603609.SH,2018.0
1284691293.1572816,372117728.2163209,210254349.41058415,2498132798.9340787,2365535635.9741926,5502.063000000001,603609.SH,2019.0
1589164550.5178883,510978387.42075634,185241475.42662013,3249908569.433794,3094696840.8503623,7205.0,603609.SH,2020.0
336216605.78473574,197955305.8378789,625332.3881143616,66279224.00586922,66829440.93534789,,900906.SH,1996.0
288708959.02147096,160174168.21154237,869693.9060902967,119324395.73294258,119253930.71962138,,900906.SH,1997.0
250934613.03340045,171853597.19194397,-34986159.40449644,56882903.9080704,85394570.91923231,,900906.SH,1998.0
199819739.63173652,167973701.6827894,-36682342.58641826,57738266.79940876,98366434.62781718,,900906.SH,1999.0
175773822.06056643,156182789.54370835,940286.4160718753,81779789.95206079,95109236.66240336,,900906.SH,2000.0
134303521.3876538,123706426.38840398,1795021.229580592,94667975.36914802,104343512.96171968,4947.732906136986,900906.SH,2001.0
165483046.5543753,84060340.41420579,23148581.01319769,126361469.73944768,125350641.77018756,4376.781390491549,900906.SH,2002.0
183279159.90084067,97985548.67812122,3452927.7083618017,122999283.50009891,122035692.7192418,3676.474114449535,900906.SH,2003.0
181381812.83070973,97965014.06586312,-70079.42329886391,95552819.58016464,104001518.13679773,3212.937618191547,900906.SH,2004.0
129082156.83949846,76788614.64439642,-27780397.601450182,76784314.79841346,101462061.90565924,2973.287418804229,900906.SH,2005.0
103915236.81527445,77435614.51281644,-39378269.64557661,43155743.46606014,82527611.21833265,2793.6641954391803,900906.SH,2006.0
98512284.39822777,46364916.73483872,11758194.727876589,26756876.827868797,45096053.948491685,2418.110325605125,900906.SH,2007.0
66459504.30417031,36763162.85295455,1054036.472865714,15403731.2647725,25350655.99176303,1201.1830030088322,900906.SH,2008.0
71294916.45280881,31811124.989569128,1322270.4903002298,12568087.68760179,16773155.732717058,1116.3184494707114,900906.SH,2009.0
